{
  "joint_names": [
    "root",
    "spine",
    "head",
    "leg_L",
    "leg_R"
  ],
  "parents": [
    -1,
    0,
    1,
    0,
    0
  ],
  "rest_offsets": [
    [
      0.0,
      0.0,
      0.0
    ],
    [
      0.0,
      0.20000000298023224,
      0.0
    ],
    [
      0.0,
      0.20000000298023224,
      0.0
    ],
    [
      -0.10000000149011612,
      -0.20000000298023224,
      0.0
    ],
    [
      0.10000000149011612,
      -0.20000000298023224,
      0.0
    ]
  ]
}